<?xml version="1.0" encoding="UTF-8"?>
<project-private xmlns="http://www.netbeans.org/ns/project-private/1">
    <editor-bookmarks xmlns="http://www.netbeans.org/ns/editor-bookmarks/2" lastBookmarkId="0"/>
    <open-files xmlns="http://www.netbeans.org/ns/projectui-open-files/2">
        <group>
            <file>file:/home/alexandre/SI/AG/pck_buscalocal_enunc/ag/Cromossomo.java</file>
            <file>file:/home/alexandre/SI/AG/T04/src/agNRainhas/AGNRainhas.java</file>
            <file>file:/home/alexandre/SI/AG/pck_buscalocal_enunc/ag/ConfigAG.java</file>
            <file>file:/home/alexandre/SI/AG/pck_buscalocal_enunc/ag/AG.java</file>
        </group>
    </open-files>
</project-private>
